"ecoregion_id","ecoregion","realm","biome"
"AA0106","Halmahera rain forests","Australasia","Tropical and Subtropical Moist Broadleaf Forests"
"AA0107","Huon Peninsula montane rain forests","Australasia","Tropical and Subtropical Moist Broadleaf Forests"
"AA0105","Central Range montane rain forests","Australasia","Tropical and Subtropical Moist Broadleaf Forests"
"AA0102","Banda Sea Islands moist deciduous forests","Australasia","Tropical and Subtropical Moist Broadleaf Forests"
"AA0103","Biak-Numfoor rain forests","Australasia","Tropical and Subtropical Moist Broadleaf Forests"
"AA0104","Buru rain forests","Australasia","Tropical and Subtropical Moist Broadleaf Forests"
"AA0118","Seram rain forests","Australasia","Tropical and Subtropical Moist Broadleaf Forests"
"AA0119","Solomon Islands rain forests","Australasia","Tropical and Subtropical Moist Broadleaf Forests"
"AA0120","Southeastern Papuan rain forests","Australasia","Tropical and Subtropical Moist Broadleaf Forests"
"AA0121","Southern New Guinea freshwater swamp forests","Australasia","Tropical and Subtropical Moist Broadleaf Forests"
"AA0122","Southern New Guinea lowland rain forests","Australasia","Tropical and Subtropical Moist Broadleaf Forests"
"AA0123","Sulawesi lowland rain forests","Australasia","Tropical and Subtropical Moist Broadleaf Forests"
"AA0124","Sulawesi montane rain forests","Australasia","Tropical and Subtropical Moist Broadleaf Forests"
"AA0125","Trobriand Islands rain forests","Australasia","Tropical and Subtropical Moist Broadleaf Forests"
"AA0126","Vanuatu rain forests","Australasia","Tropical and Subtropical Moist Broadleaf Forests"
"AA0101","Admiralty Islands lowland rain forests","Australasia","Tropical and Subtropical Moist Broadleaf Forests"
"AA0128","Vogelkop-Aru lowland rain forests","Australasia","Tropical and Subtropical Moist Broadleaf Forests"
"NT0178","Western Ecuador moist forests","Neotropical","Tropical and Subtropical Moist Broadleaf Forests"
"NT0179","Windward Islands moist forests","Neotropical","Tropical and Subtropical Moist Broadleaf Forests"
"NT0180","Xingu-Tocantins-Araguaia moist forests","Neotropical","Tropical and Subtropical Moist Broadleaf Forests"
"AT0101","Albertine Rift montane forests","Afrotropics","Tropical and Subtropical Moist Broadleaf Forests"
"AT0102","Atlantic Equatorial coastal forests","Afrotropics","Tropical and Subtropical Moist Broadleaf Forests"
"AT0103","Cameroonian Highlands forests","Afrotropics","Tropical and Subtropical Moist Broadleaf Forests"
"AT0104","Central Congolian lowland forests","Afrotropics","Tropical and Subtropical Moist Broadleaf Forests"
"AT0105","Comoros forests","Afrotropics","Tropical and Subtropical Moist Broadleaf Forests"
"AT0106","Cross-Niger transition forests","Afrotropics","Tropical and Subtropical Moist Broadleaf Forests"
"AT0107","Cross-Sanaga-Bioko coastal forests","Afrotropics","Tropical and Subtropical Moist Broadleaf Forests"
"AT0108","East African montane forests","Afrotropics","Tropical and Subtropical Moist Broadleaf Forests"
"AT0109","Eastern Arc forests","Afrotropics","Tropical and Subtropical Moist Broadleaf Forests"
"AT0110","Eastern Congolian swamp forests","Afrotropics","Tropical and Subtropical Moist Broadleaf Forests"
"AT0111","Eastern Guinean forests","Afrotropics","Tropical and Subtropical Moist Broadleaf Forests"
"AT0112","Ethiopian montane forests","Afrotropics","Tropical and Subtropical Moist Broadleaf Forests"
"AT0113","Granitic Seychelles forests","Afrotropics","Tropical and Subtropical Moist Broadleaf Forests"
"IM0141","Northern Vietnam lowland rain forests","Indo-Malay","Tropical and Subtropical Moist Broadleaf Forests"
"IM0142","Orissa semi-evergreen forests","Indo-Malay","Tropical and Subtropical Moist Broadleaf Forests"
"IM0143","Palawan rain forests","Indo-Malay","Tropical and Subtropical Moist Broadleaf Forests"
"AA0108","Yapen rain forests","Australasia","Tropical and Subtropical Moist Broadleaf Forests"
"AA0109","Lord Howe Island subtropical forests","Australasia","Tropical and Subtropical Moist Broadleaf Forests"
"AA0110","Louisiade Archipelago rain forests","Australasia","Tropical and Subtropical Moist Broadleaf Forests"
"AA0111","New Britain-New Ireland lowland rain forests","Australasia","Tropical and Subtropical Moist Broadleaf Forests"
"AA0112","New Britain-New Ireland montane rain forests","Australasia","Tropical and Subtropical Moist Broadleaf Forests"
"AA0113","New Caledonia rain forests","Australasia","Tropical and Subtropical Moist Broadleaf Forests"
"AA0114","Norfolk Island subtropical forests","Australasia","Tropical and Subtropical Moist Broadleaf Forests"
"AA0115","Northern New Guinea lowland rain and freshwater swamp forests","Australasia","Tropical and Subtropical Moist Broadleaf Forests"
"AA0116","Northern New Guinea montane rain forests","Australasia","Tropical and Subtropical Moist Broadleaf Forests"
"AA0117","Queensland tropical rain forests","Australasia","Tropical and Subtropical Moist Broadleaf Forests"
"IM0154","Sri Lanka lowland rain forests","Indo-Malay","Tropical and Subtropical Moist Broadleaf Forests"
"IM0155","Sri Lanka montane rain forests","Indo-Malay","Tropical and Subtropical Moist Broadleaf Forests"
"IM0156","Sulu Archipelago rain forests","Indo-Malay","Tropical and Subtropical Moist Broadleaf Forests"
"IM0157","Sumatran freshwater swamp forests","Indo-Malay","Tropical and Subtropical Moist Broadleaf Forests"
"IM0158","Sumatran lowland rain forests","Indo-Malay","Tropical and Subtropical Moist Broadleaf Forests"
"IM0159","Sumatran montane rain forests","Indo-Malay","Tropical and Subtropical Moist Broadleaf Forests"
"IM0160","Sumatran peat swamp forests","Indo-Malay","Tropical and Subtropical Moist Broadleaf Forests"
"IM0161","Sundaland heath forests","Indo-Malay","Tropical and Subtropical Moist Broadleaf Forests"
"IM0122","Luzon montane rain forests","Indo-Malay","Tropical and Subtropical Moist Broadleaf Forests"
"AA0127","Vogelkop montane rain forests","Australasia","Tropical and Subtropical Moist Broadleaf Forests"
"IM0124","Malabar Coast moist forests","Indo-Malay","Tropical and Subtropical Moist Broadleaf Forests"
"IM0125","Maldives-Lakshadweep-Chagos Archipelago tropical moist forests","Indo-Malay","Tropical and Subtropical Moist Broadleaf Forests"
"IM0126","Meghalaya subtropical forests","Indo-Malay","Tropical and Subtropical Moist Broadleaf Forests"
"IM0127","Mentawai Islands rain forests","Indo-Malay","Tropical and Subtropical Moist Broadleaf Forests"
"IM0115","Himalayan subtropical broadleaf forests","Indo-Malay","Tropical and Subtropical Moist Broadleaf Forests"
"NT0101","Araucaria moist forests","Neotropical","Tropical and Subtropical Moist Broadleaf Forests"
"NT0102","Atlantic Coast restingas","Neotropical","Tropical and Subtropical Moist Broadleaf Forests"
"NT0103","Bahia coastal forests","Neotropical","Tropical and Subtropical Moist Broadleaf Forests"
"NT0104","Bahia interior forests","Neotropical","Tropical and Subtropical Moist Broadleaf Forests"
"NT0105","Bolivian Yungas","Neotropical","Tropical and Subtropical Moist Broadleaf Forests"
"NT0107","Caqueta moist forests","Neotropical","Tropical and Subtropical Moist Broadleaf Forests"
"NT0108","Catatumbo moist forests","Neotropical","Tropical and Subtropical Moist Broadleaf Forests"
"NT0109","Cauca Valley montane forests","Neotropical","Tropical and Subtropical Moist Broadleaf Forests"
"NT0110","Cayos Miskitos-San AndrΘs and Providencia moist forests","Neotropical","Tropical and Subtropical Moist Broadleaf Forests"
"NT0111","Central American Atlantic moist forests","Neotropical","Tropical and Subtropical Moist Broadleaf Forests"
"NT0112","Central American montane forests","Neotropical","Tropical and Subtropical Moist Broadleaf Forests"
"NT0113","Chiapas montane forests","Neotropical","Tropical and Subtropical Moist Broadleaf Forests"
"NT0114","Chimalapas montane forests","Neotropical","Tropical and Subtropical Moist Broadleaf Forests"
"NT0115","Choc≤-DariΘn moist forests","Neotropical","Tropical and Subtropical Moist Broadleaf Forests"
"NT0116","Cocos Island moist forests","Neotropical","Tropical and Subtropical Moist Broadleaf Forests"
"NT0117","Cordillera La Costa montane forests","Neotropical","Tropical and Subtropical Moist Broadleaf Forests"
"NT0118","Cordillera Oriental montane forests","Neotropical","Tropical and Subtropical Moist Broadleaf Forests"
"IM0101","Andaman Islands rain forests","Indo-Malay","Tropical and Subtropical Moist Broadleaf Forests"
"IM0108","Chao Phraya lowland moist deciduous forests","Indo-Malay","Tropical and Subtropical Moist Broadleaf Forests"
"IM0109","Chin Hills-Arakan Yoma montane forests","Indo-Malay","Tropical and Subtropical Moist Broadleaf Forests"
"IM0110","Christmas and Cocos Islands tropical forests","Indo-Malay","Tropical and Subtropical Moist Broadleaf Forests"
"IM0111","Eastern highlands moist deciduous forests","Indo-Malay","Tropical and Subtropical Moist Broadleaf Forests"
"IM0112","Eastern Java-Bali montane rain forests","Indo-Malay","Tropical and Subtropical Moist Broadleaf Forests"
"IM0113","Eastern Java-Bali rain forests","Indo-Malay","Tropical and Subtropical Moist Broadleaf Forests"
"IM0114","Greater Negros-Panay rain forests","Indo-Malay","Tropical and Subtropical Moist Broadleaf Forests"
"IM0102","Borneo lowland rain forests","Indo-Malay","Tropical and Subtropical Moist Broadleaf Forests"
"IM0103","Borneo montane rain forests","Indo-Malay","Tropical and Subtropical Moist Broadleaf Forests"
"IM0104","Borneo peat swamp forests","Indo-Malay","Tropical and Subtropical Moist Broadleaf Forests"
"IM0105","Brahmaputra Valley semi-evergreen forests","Indo-Malay","Tropical and Subtropical Moist Broadleaf Forests"
"IM0106","Cardamom Mountains rain forests","Indo-Malay","Tropical and Subtropical Moist Broadleaf Forests"
"IM0107","Chao Phraya freshwater swamp forests","Indo-Malay","Tropical and Subtropical Moist Broadleaf Forests"
"IM0121","Luang Prabang montane rain forests","Indo-Malay","Tropical and Subtropical Moist Broadleaf Forests"
"NT0174","Ucayali moist forests","Neotropical","Tropical and Subtropical Moist Broadleaf Forests"
"NT0175","Venezuelan Andes montane forests","Neotropical","Tropical and Subtropical Moist Broadleaf Forests"
"NT0176","Veracruz moist forests","Neotropical","Tropical and Subtropical Moist Broadleaf Forests"
"NT0177","Veracruz montane forests","Neotropical","Tropical and Subtropical Moist Broadleaf Forests"
"NT0137","Magdalena-Urabß moist forests","Neotropical","Tropical and Subtropical Moist Broadleaf Forests"
"NT0138","Maraj≤ varzea","Neotropical","Tropical and Subtropical Moist Broadleaf Forests"
"NT0139","Maranhao Babaτu forests","Neotropical","Tropical and Subtropical Moist Broadleaf Forests"
"IM0116","Irrawaddy freshwater swamp forests","Indo-Malay","Tropical and Subtropical Moist Broadleaf Forests"
"IM0117","Irrawaddy moist deciduous forests","Indo-Malay","Tropical and Subtropical Moist Broadleaf Forests"
"IM0118","Jian Nan subtropical evergreen forests","Indo-Malay","Tropical and Subtropical Moist Broadleaf Forests"
"IM0119","Kayah-Karen montane rain forests","Indo-Malay","Tropical and Subtropical Moist Broadleaf Forests"
"IM0120","Lower Gangetic Plains moist deciduous forests","Indo-Malay","Tropical and Subtropical Moist Broadleaf Forests"
"IM0162","Sundarbans freshwater swamp forests","Indo-Malay","Tropical and Subtropical Moist Broadleaf Forests"
"IM0163","Tenasserim-South Thailand semi-evergreen rain forests","Indo-Malay","Tropical and Subtropical Moist Broadleaf Forests"
"IM0164","Tonle Sap freshwater swamp forests","Indo-Malay","Tropical and Subtropical Moist Broadleaf Forests"
"IM0165","Tonle Sap-Mekong peat swamp forests","Indo-Malay","Tropical and Subtropical Moist Broadleaf Forests"
"IM0166","Upper Gangetic Plains moist deciduous forests","Indo-Malay","Tropical and Subtropical Moist Broadleaf Forests"
"IM0167","Western Java montane rain forests","Indo-Malay","Tropical and Subtropical Moist Broadleaf Forests"
"IM0168","Western Java rain forests","Indo-Malay","Tropical and Subtropical Moist Broadleaf Forests"
"IM0169","Hainan Island monsoon rain forests","Indo-Malay","Tropical and Subtropical Moist Broadleaf Forests"
"AT0114","Guinean montane forests","Afrotropics","Tropical and Subtropical Moist Broadleaf Forests"
"AT0115","Knysna-Amatole montane forests","Afrotropics","Tropical and Subtropical Moist Broadleaf Forests"
"AT0116","KwaZulu-Cape coastal forest mosaic","Afrotropics","Tropical and Subtropical Moist Broadleaf Forests"
"AT0117","Madagascar lowland forests","Afrotropics","Tropical and Subtropical Moist Broadleaf Forests"
"AT0118","Madagascar subhumid forests","Afrotropics","Tropical and Subtropical Moist Broadleaf Forests"
"AT0119","Maputaland coastal forest mosaic","Afrotropics","Tropical and Subtropical Moist Broadleaf Forests"
"AT0120","Mascarene forests","Afrotropics","Tropical and Subtropical Moist Broadleaf Forests"
"AT0121","Mount Cameroon and Bioko montane forests","Afrotropics","Tropical and Subtropical Moist Broadleaf Forests"
"AT0122","Niger Delta swamp forests","Afrotropics","Tropical and Subtropical Moist Broadleaf Forests"
"AT0123","Nigerian lowland forests","Afrotropics","Tropical and Subtropical Moist Broadleaf Forests"
"AT0124","Northeastern Congolian lowland forests","Afrotropics","Tropical and Subtropical Moist Broadleaf Forests"
"AT0125","Northern Zanzibar-Inhambane coastal forest mosaic","Afrotropics","Tropical and Subtropical Moist Broadleaf Forests"
"AT0126","Northwestern Congolian lowland forests","Afrotropics","Tropical and Subtropical Moist Broadleaf Forests"
"AT0127","Sao Tome, Principe and Annobon moist lowland forests","Afrotropics","Tropical and Subtropical Moist Broadleaf Forests"
"AT0128","Southern Zanzibar-Inhambane coastal forest mosaic","Afrotropics","Tropical and Subtropical Moist Broadleaf Forests"
"AT0129","Western Congolian swamp forests","Afrotropics","Tropical and Subtropical Moist Broadleaf Forests"
"AT0130","Western Guinean lowland forests","Afrotropics","Tropical and Subtropical Moist Broadleaf Forests"
"NT0171","Trinidad and Tobago moist forests","Neotropical","Tropical and Subtropical Moist Broadleaf Forests"
"NT0173","Uatuma-Trombetas moist forests","Neotropical","Tropical and Subtropical Moist Broadleaf Forests"
"NT0133","Juruß-Purus moist forests","Neotropical","Tropical and Subtropical Moist Broadleaf Forests"
"NT0134","Leeward Islands moist forests","Neotropical","Tropical and Subtropical Moist Broadleaf Forests"
"IM0123","Luzon rain forests","Indo-Malay","Tropical and Subtropical Moist Broadleaf Forests"
"NT0136","Magdalena Valley montane forests","Neotropical","Tropical and Subtropical Moist Broadleaf Forests"
"IM0138","Northern Khorat Plateau moist deciduous forests","Indo-Malay","Tropical and Subtropical Moist Broadleaf Forests"
"IM0139","Northern Thailand-Laos moist deciduous forests","Indo-Malay","Tropical and Subtropical Moist Broadleaf Forests"
"IM0140","Northern Triangle subtropical forests","Indo-Malay","Tropical and Subtropical Moist Broadleaf Forests"
"IM0128","Mindanao montane rain forests","Indo-Malay","Tropical and Subtropical Moist Broadleaf Forests"
"IM0129","Mindanao-Eastern Visayas rain forests","Indo-Malay","Tropical and Subtropical Moist Broadleaf Forests"
"IM0130","Mindoro rain forests","Indo-Malay","Tropical and Subtropical Moist Broadleaf Forests"
"IM0131","Mizoram-Manipur-Kachin rain forests","Indo-Malay","Tropical and Subtropical Moist Broadleaf Forests"
"IM0132","Myanmar coastal rain forests","Indo-Malay","Tropical and Subtropical Moist Broadleaf Forests"
"IM0133","Nicobar Islands rain forests","Indo-Malay","Tropical and Subtropical Moist Broadleaf Forests"
"IM0134","North Western Ghats moist deciduous forests","Indo-Malay","Tropical and Subtropical Moist Broadleaf Forests"
"IM0135","North Western Ghats montane rain forests","Indo-Malay","Tropical and Subtropical Moist Broadleaf Forests"
"IM0136","Northern Annamites rain forests","Indo-Malay","Tropical and Subtropical Moist Broadleaf Forests"
"IM0137","Northern Indochina subtropical forests","Indo-Malay","Tropical and Subtropical Moist Broadleaf Forests"
"IM0151","South Western Ghats montane rain forests","Indo-Malay","Tropical and Subtropical Moist Broadleaf Forests"
"IM0152","Southern Annamites montane rain forests","Indo-Malay","Tropical and Subtropical Moist Broadleaf Forests"
"IM0153","Southwest Borneo freshwater swamp forests","Indo-Malay","Tropical and Subtropical Moist Broadleaf Forests"
"NT0153","Peruvian Yungas","Neotropical","Tropical and Subtropical Moist Broadleaf Forests"
"IM0170","Nansei Islands subtropical evergreen forests","Indo-Malay","Tropical and Subtropical Moist Broadleaf Forests"
"IM0171","South Taiwan monsoon rain forests","Indo-Malay","Tropical and Subtropical Moist Broadleaf Forests"
"IM0144","Peninsular Malaysian montane rain forests","Indo-Malay","Tropical and Subtropical Moist Broadleaf Forests"
"IM0145","Peninsular Malaysian peat swamp forests","Indo-Malay","Tropical and Subtropical Moist Broadleaf Forests"
"IM0146","Peninsular Malaysian rain forests","Indo-Malay","Tropical and Subtropical Moist Broadleaf Forests"
"IM0147","Red River freshwater swamp forests","Indo-Malay","Tropical and Subtropical Moist Broadleaf Forests"
"IM0148","South China Sea Islands","Indo-Malay","Tropical and Subtropical Moist Broadleaf Forests"
"IM0149","South China-Vietnam subtropical evergreen forests","Indo-Malay","Tropical and Subtropical Moist Broadleaf Forests"
"IM0150","South Western Ghats moist deciduous forests","Indo-Malay","Tropical and Subtropical Moist Broadleaf Forests"
"NT0135","Madeira-Tapaj≤s moist forests","Neotropical","Tropical and Subtropical Moist Broadleaf Forests"
"NT0150","Alto Paranß Atlantic forests","Neotropical","Tropical and Subtropical Moist Broadleaf Forests"
"NT0151","Pernambuco coastal forests","Neotropical","Tropical and Subtropical Moist Broadleaf Forests"
"NT0126","Gurupa varzea","Neotropical","Tropical and Subtropical Moist Broadleaf Forests"
"NT0127","Hispaniolan moist forests","Neotropical","Tropical and Subtropical Moist Broadleaf Forests"
"NT0128","Iquitos varzea","Neotropical","Tropical and Subtropical Moist Broadleaf Forests"
"NT0129","Isthmian-Atlantic moist forests","Neotropical","Tropical and Subtropical Moist Broadleaf Forests"
"NT0130","Isthmian-Pacific moist forests","Neotropical","Tropical and Subtropical Moist Broadleaf Forests"
"NT0131","Jamaican moist forests","Neotropical","Tropical and Subtropical Moist Broadleaf Forests"
"NT0132","Japurß-Solimoes-Negro moist forests","Neotropical","Tropical and Subtropical Moist Broadleaf Forests"
"OC0115","Tuamotu tropical moist forests","Oceania","Tropical and Subtropical Moist Broadleaf Forests"
"OC0116","Tubuai tropical moist forests","Oceania","Tropical and Subtropical Moist Broadleaf Forests"
"OC0117","Western Polynesian tropical moist forests","Oceania","Tropical and Subtropical Moist Broadleaf Forests"
"NT0149","Guianan Freshwater swamp forests","Neotropical","Tropical and Subtropical Moist Broadleaf Forests"
"NT0123","Fernando de Noronha-Atol das Rocas moist forests","Neotropical","Tropical and Subtropical Moist Broadleaf Forests"
"NT0124","Guianan Highlands moist forests","Neotropical","Tropical and Subtropical Moist Broadleaf Forests"
"NT0152","Pernambuco interior forests","Neotropical","Tropical and Subtropical Moist Broadleaf Forests"
"NT0140","Mato Grosso seasonal forests","Neotropical","Tropical and Subtropical Moist Broadleaf Forests"
"NT0141","Monte Alegre varzea","Neotropical","Tropical and Subtropical Moist Broadleaf Forests"
"NT0142","Napo moist forests","Neotropical","Tropical and Subtropical Moist Broadleaf Forests"
"NT0143","Negro-Branco moist forests","Neotropical","Tropical and Subtropical Moist Broadleaf Forests"
"NT0144","Northeastern Brazil restingas","Neotropical","Tropical and Subtropical Moist Broadleaf Forests"
"NT0145","Northwestern Andean montane forests","Neotropical","Tropical and Subtropical Moist Broadleaf Forests"
"NT0146","Oaxacan montane forests","Neotropical","Tropical and Subtropical Moist Broadleaf Forests"
"NT0147","Orinoco Delta swamp forests","Neotropical","Tropical and Subtropical Moist Broadleaf Forests"
"NT0148","Pantanos de Centla","Neotropical","Tropical and Subtropical Moist Broadleaf Forests"
"NT0122","Eastern Panamanian montane forests","Neotropical","Tropical and Subtropical Moist Broadleaf Forests"
"NT0162","Sierra Madre de Chiapas moist forest","Neotropical","Tropical and Subtropical Moist Broadleaf Forests"
"NT0163","Solimoes-Japurß moist forest","Neotropical","Tropical and Subtropical Moist Broadleaf Forests"
"NT0125","Guianan moist forests","Neotropical","Tropical and Subtropical Moist Broadleaf Forests"
"NT0166","Southwest Amazon moist forests","Neotropical","Tropical and Subtropical Moist Broadleaf Forests"
"NT0167","Talamancan montane forests","Neotropical","Tropical and Subtropical Moist Broadleaf Forests"
"NT0154","PetΘn-Veracruz moist forests","Neotropical","Tropical and Subtropical Moist Broadleaf Forests"
"IM0172","Taiwan subtropical evergreen forests","Indo-Malay","Tropical and Subtropical Moist Broadleaf Forests"
"NT0157","Purus-Madeira moist forests","Neotropical","Tropical and Subtropical Moist Broadleaf Forests"
"NT0158","Rio Negro campinarana","Neotropical","Tropical and Subtropical Moist Broadleaf Forests"
"NT0119","Costa Rican seasonal moist forests","Neotropical","Tropical and Subtropical Moist Broadleaf Forests"
"NT0120","Cuban moist forests","Neotropical","Tropical and Subtropical Moist Broadleaf Forests"
"NT0121","Eastern Cordillera real montane forests","Neotropical","Tropical and Subtropical Moist Broadleaf Forests"
"NT0161","Sierra de los Tuxtlas","Neotropical","Tropical and Subtropical Moist Broadleaf Forests"
"OC0102","Central Polynesian tropical moist forests","Oceania","Tropical and Subtropical Moist Broadleaf Forests"
"OC0103","Cook Islands tropical moist forests","Oceania","Tropical and Subtropical Moist Broadleaf Forests"
"NT0164","South Florida rocklands","Neotropical","Tropical and Subtropical Moist Broadleaf Forests"
"NT0165","Southern Andean Yungas","Neotropical","Tropical and Subtropical Moist Broadleaf Forests"
"OC0107","Kermadec Islands subtropical moist forests","Oceania","Tropical and Subtropical Moist Broadleaf Forests"
"NT0168","Tapaj≤s-Xingu moist forests","Neotropical","Tropical and Subtropical Moist Broadleaf Forests"
"NT0169","Pantepuis","Neotropical","Tropical and Subtropical Moist Broadleaf Forests"
"NT0170","Tocantins/Pindare moist forests","Neotropical","Tropical and Subtropical Moist Broadleaf Forests"
"OC0113","Society Islands tropical moist forests","Oceania","Tropical and Subtropical Moist Broadleaf Forests"
"OC0114","Tongan tropical moist forests","Oceania","Tropical and Subtropical Moist Broadleaf Forests"
"NT0159","Santa Marta montane forests","Neotropical","Tropical and Subtropical Moist Broadleaf Forests"
"NT0160","Serra do Mar coastal forests","Neotropical","Tropical and Subtropical Moist Broadleaf Forests"
"OC0101","Carolines tropical moist forests","Oceania","Tropical and Subtropical Moist Broadleaf Forests"
"OC0106","Hawaii tropical moist forests","Oceania","Tropical and Subtropical Moist Broadleaf Forests"
"NT0181","Yucatßn moist forests","Neotropical","Tropical and Subtropical Moist Broadleaf Forests"
"OC0104","Eastern Micronesia tropical moist forests","Oceania","Tropical and Subtropical Moist Broadleaf Forests"
"OC0105","Fiji tropical moist forests","Oceania","Tropical and Subtropical Moist Broadleaf Forests"
"PA0102","Yunnan Plateau subtropical evergreen forests","Palaearctic","Tropical and Subtropical Moist Broadleaf Forests"
"OC0112","Samoan tropical moist forests","Oceania","Tropical and Subtropical Moist Broadleaf Forests"
"PA0101","Guizhou Plateau broadleaf and mixed forests","Palaearctic","Tropical and Subtropical Moist Broadleaf Forests"
"NT0155","Puerto Rican moist forests","Neotropical","Tropical and Subtropical Moist Broadleaf Forests"
"NT0156","Purus varzea","Neotropical","Tropical and Subtropical Moist Broadleaf Forests"
"OC0108","Marquesas tropical moist forests","Oceania","Tropical and Subtropical Moist Broadleaf Forests"
"OC0109","Ogasawara subtropical moist forests","Oceania","Tropical and Subtropical Moist Broadleaf Forests"
"OC0110","Palau tropical moist forests","Oceania","Tropical and Subtropical Moist Broadleaf Forests"
"OC0111","Rapa Nui subtropical broadleaf forests","Oceania","Tropical and Subtropical Moist Broadleaf Forests"
"AA0202","New Caledonia dry forests","Australasia","Tropical and Subtropical Dry Broadleaf Forests"
"AT0203","Zambezian Cryptosepalum dry forests","Afrotropics","Tropical and Subtropical Dry Broadleaf Forests"
"AA0201","Lesser Sundas deciduous forests","Australasia","Tropical and Subtropical Dry Broadleaf Forests"
"AA0203","Sumba deciduous forests","Australasia","Tropical and Subtropical Dry Broadleaf Forests"
"AT0202","Madagascar dry deciduous forests","Afrotropics","Tropical and Subtropical Dry Broadleaf Forests"
"OC0204","Yap tropical dry forests","Oceania","Tropical and Subtropical Dry Broadleaf Forests"
"NT0214","Ecuadorian dry forests","Neotropical","Tropical and Subtropical Dry Broadleaf Forests"
"OC0202","Hawaii tropical dry forests","Oceania","Tropical and Subtropical Dry Broadleaf Forests"
"OC0203","Marianas tropical dry forests","Oceania","Tropical and Subtropical Dry Broadleaf Forests"
"NT0205","Balsas dry forests","Neotropical","Tropical and Subtropical Dry Broadleaf Forests"
"NT0206","Bolivian montane dry forests","Neotropical","Tropical and Subtropical Dry Broadleaf Forests"
"NT0215","Hispaniolan dry forests","Neotropical","Tropical and Subtropical Dry Broadleaf Forests"
"NT0204","Bajφo dry forests","Neotropical","Tropical and Subtropical Dry Broadleaf Forests"
"NT0210","Dry Chaco","Neotropical","Tropical and Subtropical Dry Broadleaf Forests"
"NT0211","Chiapas Depression dry forests","Neotropical","Tropical and Subtropical Dry Broadleaf Forests"
"NT0207","Cauca Valley dry forests","Neotropical","Tropical and Subtropical Dry Broadleaf Forests"
"OC0201","Fiji tropical dry forests","Oceania","Tropical and Subtropical Dry Broadleaf Forests"
"NT0227","Sierra de la Laguna dry forests","Neotropical","Tropical and Subtropical Dry Broadleaf Forests"
"NT0216","Islas Revillagigedo dry forests","Neotropical","Tropical and Subtropical Dry Broadleaf Forests"
"NT0212","Chiquitano dry forests","Neotropical","Tropical and Subtropical Dry Broadleaf Forests"
"NT0213","Cuban dry forests","Neotropical","Tropical and Subtropical Dry Broadleaf Forests"
"NT0218","Jamaican dry forests","Neotropical","Tropical and Subtropical Dry Broadleaf Forests"
"NT0235","Yucatßn dry forests","Neotropical","Tropical and Subtropical Dry Broadleaf Forests"
"NT0219","Lara-Falc≤n dry forests","Neotropical","Tropical and Subtropical Dry Broadleaf Forests"
"IM0202","Central Indochina dry forests","Indo-Malay","Tropical and Subtropical Dry Broadleaf Forests"
"NT0209","Central American dry forests","Neotropical","Tropical and Subtropical Dry Broadleaf Forests"
"NT0221","Magdalena Valley dry forests","Neotropical","Tropical and Subtropical Dry Broadleaf Forests"
"NT0222","Maracaibo dry forests","Neotropical","Tropical and Subtropical Dry Broadleaf Forests"
"NT0223","Mara±≤n dry forests","Neotropical","Tropical and Subtropical Dry Broadleaf Forests"
"NT0224","Panamanian dry forests","Neotropical","Tropical and Subtropical Dry Broadleaf Forests"
"NT0225","Patφa Valley dry forests","Neotropical","Tropical and Subtropical Dry Broadleaf Forests"
"NT0228","Sinaloan dry forests","Neotropical","Tropical and Subtropical Dry Broadleaf Forests"
"AA0204","Timor and Wetar deciduous forests","Australasia","Tropical and Subtropical Dry Broadleaf Forests"
"NT0230","Southern Pacific dry forests","Neotropical","Tropical and Subtropical Dry Broadleaf Forests"
"NA0201","Sonoran-Sinaloan transition subtropical dry forest","Nearctic","Tropical and Subtropical Dry Broadleaf Forests"
"NT0202","Atlantic dry forests","Neotropical","Tropical and Subtropical Dry Broadleaf Forests"
"AT0201","Cape Verde Islands dry forests","Afrotropics","Tropical and Subtropical Dry Broadleaf Forests"
"IM0204","East Deccan dry-evergreen forests","Indo-Malay","Tropical and Subtropical Dry Broadleaf Forests"
"NT0220","Lesser Antillean dry forests","Neotropical","Tropical and Subtropical Dry Broadleaf Forests"
"IM0206","Khathiar-Gir dry deciduous forests","Indo-Malay","Tropical and Subtropical Dry Broadleaf Forests"
"IM0203","Chhota-Nagpur dry deciduous forests","Indo-Malay","Tropical and Subtropical Dry Broadleaf Forests"
"NT0229","Sin· Valley dry forests","Neotropical","Tropical and Subtropical Dry Broadleaf Forests"
"IM0205","Irrawaddy dry forests","Indo-Malay","Tropical and Subtropical Dry Broadleaf Forests"
"NT0217","Jalisco dry forests","Neotropical","Tropical and Subtropical Dry Broadleaf Forests"
"NT0226","Puerto Rican dry forests","Neotropical","Tropical and Subtropical Dry Broadleaf Forests"
"IM0207","Narmada Valley dry deciduous forests","Indo-Malay","Tropical and Subtropical Dry Broadleaf Forests"
"IM0210","Southeastern Indochina dry evergreen forests","Indo-Malay","Tropical and Subtropical Dry Broadleaf Forests"
"IM0208","Northern dry deciduous forests","Indo-Malay","Tropical and Subtropical Dry Broadleaf Forests"
"IM0201","Central Deccan Plateau dry deciduous forests","Indo-Malay","Tropical and Subtropical Dry Broadleaf Forests"
"NT0233","Veracruz dry forests","Neotropical","Tropical and Subtropical Dry Broadleaf Forests"
"IM0209","South Deccan Plateau dry deciduous forests","Indo-Malay","Tropical and Subtropical Dry Broadleaf Forests"
"IM0212","Sri Lanka dry-zone dry evergreen forests","Indo-Malay","Tropical and Subtropical Dry Broadleaf Forests"
"NT0232","Tumbes-Piura dry forests","Neotropical","Tropical and Subtropical Dry Broadleaf Forests"
"IM0211","Southern Vietnam lowland dry forests","Indo-Malay","Tropical and Subtropical Dry Broadleaf Forests"
"NT0201","Apure-Villavicencio dry forests","Neotropical","Tropical and Subtropical Dry Broadleaf Forests"
"IM0301","Himalayan subtropical pine forests","Indo-Malay","Tropical and Subtropical Coniferous Forests"
"NT0304","Cuban pine forests","Neotropical","Tropical and Subtropical Coniferous Forests"
"NT0303","Central American pine-oak forests","Neotropical","Tropical and Subtropical Coniferous Forests"
"NT0307","Sierra de la Laguna pine-oak forests","Neotropical","Tropical and Subtropical Coniferous Forests"
"NT0310","Trans-Mexican Volcanic Belt pine-oak forests","Neotropical","Tropical and Subtropical Coniferous Forests"
"IM0302","Luzon tropical pine forests","Indo-Malay","Tropical and Subtropical Coniferous Forests"
"IM0303","Northeast India-Myanmar pine forests","Indo-Malay","Tropical and Subtropical Coniferous Forests"
"NT0309","Sierra Madre del Sur pine-oak forests","Neotropical","Tropical and Subtropical Coniferous Forests"
"NT0301","Bahamian pine mosaic","Neotropical","Tropical and Subtropical Coniferous Forests"
"NT0302","Belizean pine forests","Neotropical","Tropical and Subtropical Coniferous Forests"
"NT0308","Sierra Madre de Oaxaca pine-oak forests","Neotropical","Tropical and Subtropical Coniferous Forests"
"NT0305","Hispaniolan pine forests","Neotropical","Tropical and Subtropical Coniferous Forests"
"NA0301","Bermuda subtropical conifer forests","Nearctic","Tropical and Subtropical Coniferous Forests"
"NA0302","Sierra Madre Occidental pine-oak forests","Nearctic","Tropical and Subtropical Coniferous Forests"
"NA0303","Sierra Madre Oriental pine-oak forests","Nearctic","Tropical and Subtropical Coniferous Forests"
"IM0304","Sumatran tropical pine forests","Indo-Malay","Tropical and Subtropical Coniferous Forests"
"PA0435","Rodope montane mixed forests","Palaearctic","Temperate Broadleaf and Mixed Forests"
"PA0434","Qin Ling Mountains deciduous forests","Palaearctic","Temperate Broadleaf and Mixed Forests"
"PA0433","Pyrenees conifer and mixed forests","Palaearctic","Temperate Broadleaf and Mixed Forests"
"PA0432","Po Basin mixed forests","Palaearctic","Temperate Broadleaf and Mixed Forests"
"IM0402","Northern Triangle temperate forests","Indo-Malay","Temperate Broadleaf and Mixed Forests"
"NA0407","Eastern Great Lakes lowland forests","Nearctic","Temperate Broadleaf and Mixed Forests"
"PA0431","Pannonian mixed forests","Palaearctic","Temperate Broadleaf and Mixed Forests"
"PA0437","Sichuan Basin evergreen broadleaf forests","Palaearctic","Temperate Broadleaf and Mixed Forests"
"NA0405","East Central Texas forests","Nearctic","Temperate Broadleaf and Mixed Forests"
"NA0401","Allegheny Highlands forests","Nearctic","Temperate Broadleaf and Mixed Forests"
"PA0436","Sarmatic mixed forests","Palaearctic","Temperate Broadleaf and Mixed Forests"
"NT0404","Valdivian temperate forests","Neotropical","Temperate Broadleaf and Mixed Forests"
"NT0401","Juan Fernßndez Islands temperate forests","Neotropical","Temperate Broadleaf and Mixed Forests"
"AA0409","Southeast Australia temperate forests","Australasia","Temperate Broadleaf and Mixed Forests"
"NA0402","Appalachian mixed mesophytic forests","Nearctic","Temperate Broadleaf and Mixed Forests"
"NA0403","Appalachian-Blue Ridge forests","Nearctic","Temperate Broadleaf and Mixed Forests"
"PA0444","Western Siberian hemiboreal forests","Palaearctic","Temperate Broadleaf and Mixed Forests"
"NA0409","Mississippi lowland forests","Nearctic","Temperate Broadleaf and Mixed Forests"
"NA0406","Eastern forest-boreal transition","Nearctic","Temperate Broadleaf and Mixed Forests"
"PA0438","South Sakhalin-Kurile mixed forests","Palaearctic","Temperate Broadleaf and Mixed Forests"
"NA0404","Central U.S. hardwood forests","Nearctic","Temperate Broadleaf and Mixed Forests"
"PA0430","Northeast China Plain deciduous forests","Palaearctic","Temperate Broadleaf and Mixed Forests"
"PA0443","Ussuri broadleaf and mixed forests","Palaearctic","Temperate Broadleaf and Mixed Forests"
"IM0401","Eastern Himalayan broadleaf forests","Indo-Malay","Temperate Broadleaf and Mixed Forests"
"PA0446","Zagros Mountains forest steppe","Palaearctic","Temperate Broadleaf and Mixed Forests"
"AA0408","Richmond temperate forests","Australasia","Temperate Broadleaf and Mixed Forests"
"AA0410","Southland temperate forests","Australasia","Temperate Broadleaf and Mixed Forests"
"IM0403","Western Himalayan broadleaf forests","Indo-Malay","Temperate Broadleaf and Mixed Forests"
"NA0408","Gulf of St. Lawrence lowland forests","Nearctic","Temperate Broadleaf and Mixed Forests"
"PA0439","Southern Korea evergreen forests","Palaearctic","Temperate Broadleaf and Mixed Forests"
"AA0401","Chatham Island temperate forests","Australasia","Temperate Broadleaf and Mixed Forests"
"AA0413","Tasmanian temperate rain forests","Australasia","Temperate Broadleaf and Mixed Forests"
"NA0411","Northeastern coastal forests","Nearctic","Temperate Broadleaf and Mixed Forests"
"PA0442","Tarim Basin deciduous forests and steppe","Palaearctic","Temperate Broadleaf and Mixed Forests"
"PA0429","North Atlantic moist mixed forests","Palaearctic","Temperate Broadleaf and Mixed Forests"
"AA0406","Northland temperate kauri forests","Australasia","Temperate Broadleaf and Mixed Forests"
"PA0445","Western European broadleaf forests","Palaearctic","Temperate Broadleaf and Mixed Forests"
"AA0407","Rakiura Island temperate forests","Australasia","Temperate Broadleaf and Mixed Forests"
"PA0403","Azores temperate mixed forests","Palaearctic","Temperate Broadleaf and Mixed Forests"
"PA0405","Baltic mixed forests","Palaearctic","Temperate Broadleaf and Mixed Forests"
"AA0411","Tasmanian Central Highland forests","Australasia","Temperate Broadleaf and Mixed Forests"
"AA0412","Tasmanian temperate forests","Australasia","Temperate Broadleaf and Mixed Forests"
"AA0414","Westland temperate forests","Australasia","Temperate Broadleaf and Mixed Forests"
"PA0412","Central European mixed forests","Palaearctic","Temperate Broadleaf and Mixed Forests"
"NA0410","New England-Acadian forests","Nearctic","Temperate Broadleaf and Mixed Forests"
"PA0427","Nihonkai evergreen forests","Palaearctic","Temperate Broadleaf and Mixed Forests"
"PA0428","Nihonkai montane deciduous forests","Palaearctic","Temperate Broadleaf and Mixed Forests"
"AA0404","Nelson Coast temperate forests","Australasia","Temperate Broadleaf and Mixed Forests"
"AA0405","North Island temperate forests","Australasia","Temperate Broadleaf and Mixed Forests"
"PA0402","Atlantic mixed forests","Palaearctic","Temperate Broadleaf and Mixed Forests"
"NA0413","Southeastern mixed forests","Nearctic","Temperate Broadleaf and Mixed Forests"
"NA0414","Southern Great Lakes forests","Nearctic","Temperate Broadleaf and Mixed Forests"
"PA0404","Balkan mixed forests","Palaearctic","Temperate Broadleaf and Mixed Forests"
"PA0406","Cantabrian mixed forests","Palaearctic","Temperate Broadleaf and Mixed Forests"
"PA0407","Caspian Hyrcanian mixed forests","Palaearctic","Temperate Broadleaf and Mixed Forests"
"PA0408","Caucasus mixed forests","Palaearctic","Temperate Broadleaf and Mixed Forests"
"PA0410","Central Anatolian deciduous forests","Palaearctic","Temperate Broadleaf and Mixed Forests"
"PA0411","Central China loess plateau mixed forests","Palaearctic","Temperate Broadleaf and Mixed Forests"
"PA0440","Taiheiyo evergreen forests","Palaearctic","Temperate Broadleaf and Mixed Forests"
"NT0402","Magellanic subpolar forests","Neotropical","Temperate Broadleaf and Mixed Forests"
"PA0414","Changbai Mountains mixed forests","Palaearctic","Temperate Broadleaf and Mixed Forests"
"NA0412","Ozark Mountain forests","Nearctic","Temperate Broadleaf and Mixed Forests"
"PA0401","Appenine deciduous montane forests","Palaearctic","Temperate Broadleaf and Mixed Forests"
"NA0417","Willamette Valley forests","Nearctic","Temperate Broadleaf and Mixed Forests"
"PA0416","Crimean Submediterranean forest complex","Palaearctic","Temperate Broadleaf and Mixed Forests"
"NA0415","Upper Midwest forest-savanna transition","Nearctic","Temperate Broadleaf and Mixed Forests"
"NA0416","Western Great Lakes forests","Nearctic","Temperate Broadleaf and Mixed Forests"
"PA0426","Manchurian mixed forests","Palaearctic","Temperate Broadleaf and Mixed Forests"
"PA0423","Hokkaido deciduous forests","Palaearctic","Temperate Broadleaf and Mixed Forests"
"PA0424","Huang He Plain mixed forests","Palaearctic","Temperate Broadleaf and Mixed Forests"
"PA0425","Madeira evergreen forests","Palaearctic","Temperate Broadleaf and Mixed Forests"
"PA0415","Changjiang Plain evergreen forests","Palaearctic","Temperate Broadleaf and Mixed Forests"
"PA0413","Central Korean deciduous forests","Palaearctic","Temperate Broadleaf and Mixed Forests"
"AA0402","Eastern Australian temperate forests","Australasia","Temperate Broadleaf and Mixed Forests"
"PA0441","Taiheiyo montane deciduous forests","Palaearctic","Temperate Broadleaf and Mixed Forests"
"PA0418","Dinaric Mountains mixed forests","Palaearctic","Temperate Broadleaf and Mixed Forests"
"PA0419","East European forest steppe","Palaearctic","Temperate Broadleaf and Mixed Forests"
"PA0421","English Lowlands beech forests","Palaearctic","Temperate Broadleaf and Mixed Forests"
"PA0417","Daba Mountains evergreen forests","Palaearctic","Temperate Broadleaf and Mixed Forests"
"PA0409","Celtic broadleaf forests","Palaearctic","Temperate Broadleaf and Mixed Forests"
"AA0403","Fiordland temperate forests","Australasia","Temperate Broadleaf and Mixed Forests"
"PA0422","Euxine-Colchic broadleaf forests","Palaearctic","Temperate Broadleaf and Mixed Forests"
"PA0420","Eastern Anatolian deciduous forests","Palaearctic","Temperate Broadleaf and Mixed Forests"
"NA0502","Alberta-British Columbia foothills forests","Nearctic","Temperate Coniferous Forests"
"NA0503","Arizona Mountains forests","Nearctic","Temperate Coniferous Forests"
"NA0514","Fraser Plateau and Basin complex","Nearctic","Temperate Coniferous Forests"
"NA0501","Alberta Mountain forests","Nearctic","Temperate Coniferous Forests"
"NA0515","Great Basin montane forests","Nearctic","Temperate Coniferous Forests"
"NA0516","Klamath-Siskiyou forests","Nearctic","Temperate Coniferous Forests"
"NA0517","Middle Atlantic coastal forests","Nearctic","Temperate Coniferous Forests"
"NA0504","Atlantic coastal pine barrens","Nearctic","Temperate Coniferous Forests"
"NA0505","Blue Mountains forests","Nearctic","Temperate Coniferous Forests"
"NA0506","British Columbia mainland coastal forests","Nearctic","Temperate Coniferous Forests"
"NA0507","Cascade Mountains leeward forests","Nearctic","Temperate Coniferous Forests"
"NA0512","Eastern Cascades forests","Nearctic","Temperate Coniferous Forests"
"NA0513","Florida sand pine scrub","Nearctic","Temperate Coniferous Forests"
"NA0527","Sierra Nevada forests","Nearctic","Temperate Coniferous Forests"
"NA0528","South Central Rockies forests","Nearctic","Temperate Coniferous Forests"
"NA0529","Southeastern conifer forests","Nearctic","Temperate Coniferous Forests"
"NA0530","Wasatch and Uinta montane forests","Nearctic","Temperate Coniferous Forests"
"PA0505","Da Hinggan-Dzhagdy Mountains conifer forests","Palaearctic","Temperate Coniferous Forests"
"PA0506","East Afghan montane conifer forests","Palaearctic","Temperate Coniferous Forests"
"PA0507","Elburz Range forest steppe","Palaearctic","Temperate Coniferous Forests"
"PA0508","Helanshan montane conifer forests","Palaearctic","Temperate Coniferous Forests"
"PA0509","Hengduan Mountains subalpine conifer forests","Palaearctic","Temperate Coniferous Forests"
"PA0510","Hokkaido montane conifer forests","Palaearctic","Temperate Coniferous Forests"
"PA0511","Honshu alpine conifer forests","Palaearctic","Temperate Coniferous Forests"
"PA0512","Khangai Mountains conifer forests","Palaearctic","Temperate Coniferous Forests"
"PA0513","Mediterranean conifer and mixed forests","Palaearctic","Temperate Coniferous Forests"
"PA0514","Northeastern Himalayan subalpine conifer forests","Palaearctic","Temperate Coniferous Forests"
"PA0515","Northern Anatolian conifer and deciduous forests","Palaearctic","Temperate Coniferous Forests"
"PA0516","Nujiang Langcang Gorge alpine conifer and mixed forests","Palaearctic","Temperate Coniferous Forests"
"PA0517","Qilian Mountains conifer forests","Palaearctic","Temperate Coniferous Forests"
"PA0518","Qionglai-Minshan conifer forests","Palaearctic","Temperate Coniferous Forests"
"PA0519","Sayan montane conifer forests","Palaearctic","Temperate Coniferous Forests"
"PA0520","Scandinavian coastal conifer forests","Palaearctic","Temperate Coniferous Forests"
"PA0521","Tian Shan montane conifer forests","Palaearctic","Temperate Coniferous Forests"
"NA0508","Central and Southern Cascades forests","Nearctic","Temperate Coniferous Forests"
"NA0509","Central British Columbia Mountain forests","Nearctic","Temperate Coniferous Forests"
"NA0510","Central Pacific coastal forests","Nearctic","Temperate Coniferous Forests"
"NA0511","Colorado Rockies forests","Nearctic","Temperate Coniferous Forests"
"IM0501","Eastern Himalayan subalpine conifer forests","Indo-Malay","Temperate Coniferous Forests"
"IM0502","Western Himalayan subalpine conifer forests","Indo-Malay","Temperate Coniferous Forests"
"PA0501","Alps conifer and mixed forests","Palaearctic","Temperate Coniferous Forests"
"PA0502","Altai montane forest and forest steppe","Palaearctic","Temperate Coniferous Forests"
"PA0503","Caledon conifer forests","Palaearctic","Temperate Coniferous Forests"
"PA0504","Carpathian montane forests","Palaearctic","Temperate Coniferous Forests"
"NA0518","North Central Rockies forests","Nearctic","Temperate Coniferous Forests"
"NA0519","Northern California coastal forests","Nearctic","Temperate Coniferous Forests"
"NA0520","Northern Pacific coastal forests","Nearctic","Temperate Coniferous Forests"
"NA0521","Northern transitional alpine forests","Nearctic","Temperate Coniferous Forests"
"NA0522","Okanagan dry forests","Nearctic","Temperate Coniferous Forests"
"NA0523","Piney Woods forests","Nearctic","Temperate Coniferous Forests"
"NA0524","Puget lowland forests","Nearctic","Temperate Coniferous Forests"
"NA0525","Queen Charlotte Islands","Nearctic","Temperate Coniferous Forests"
"NA0526","Sierra Juarez and San Pedro Martir pine-oak forests","Nearctic","Temperate Coniferous Forests"
"PA0608","Scandinavian and Russian taiga","Palaearctic","Boreal Forests/Taiga"
"PA0609","Trans-Baikal conifer forests","Palaearctic","Boreal Forests/Taiga"
"PA0610","Ural montane forests and tundra","Palaearctic","Boreal Forests/Taiga"
"PA0611","West Siberian taiga","Palaearctic","Boreal Forests/Taiga"
"NA0601","Alaska Peninsula montane taiga","Nearctic","Boreal Forests/Taiga"
"NA0602","Central Canadian Shield forests","Nearctic","Boreal Forests/Taiga"
"NA0603","Cook Inlet taiga","Nearctic","Boreal Forests/Taiga"
"NA0604","Copper Plateau taiga","Nearctic","Boreal Forests/Taiga"
"NA0605","Eastern Canadian forests","Nearctic","Boreal Forests/Taiga"
"NA0606","Eastern Canadian Shield taiga","Nearctic","Boreal Forests/Taiga"
"NA0607","Interior Alaska-Yukon lowland taiga","Nearctic","Boreal Forests/Taiga"
"NA0608","Mid-Continental Canadian forests","Nearctic","Boreal Forests/Taiga"
"NA0609","Midwestern Canadian Shield forests","Nearctic","Boreal Forests/Taiga"
"NA0610","Muskwa-Slave Lake forests","Nearctic","Boreal Forests/Taiga"
"NA0611","Newfoundland Highland forests","Nearctic","Boreal Forests/Taiga"
"NA0612","Northern Canadian Shield taiga","Nearctic","Boreal Forests/Taiga"
"NA0613","Northern Cordillera forests","Nearctic","Boreal Forests/Taiga"
"NA0614","Northwest Territories taiga","Nearctic","Boreal Forests/Taiga"
"NA0615","South Avalon-Burin oceanic barrens","Nearctic","Boreal Forests/Taiga"
"NA0616","Southern Hudson Bay taiga","Nearctic","Boreal Forests/Taiga"
"NA0617","Yukon Interior dry forests","Nearctic","Boreal Forests/Taiga"
"PA0601","East Siberian taiga","Palaearctic","Boreal Forests/Taiga"
"PA0602","Iceland boreal birch forests and alpine tundra","Palaearctic","Boreal Forests/Taiga"
"PA0603","Kamchatka-Kurile meadows and sparse forests","Palaearctic","Boreal Forests/Taiga"
"PA0604","Kamchatka-Kurile taiga","Palaearctic","Boreal Forests/Taiga"
"PA0605","Northeast Siberian taiga","Palaearctic","Boreal Forests/Taiga"
"PA0606","Okhotsk-Manchurian taiga","Palaearctic","Boreal Forests/Taiga"
"PA0607","Sakhalin Island taiga","Palaearctic","Boreal Forests/Taiga"
"AT0708","Itigi-Sumbu thicket","Afrotropics","Tropical and subtropical grasslands, savannas, and shrublands"
"AT0704","Central Zambezian Miombo woodlands","Afrotropics","Tropical and subtropical grasslands, savannas, and shrublands"
"AT0702","Angolan Mopane woodlands","Afrotropics","Tropical and subtropical grasslands, savannas, and shrublands"
"OC0703","Northwestern Hawaii scrub","Oceania","Tropical and subtropical grasslands, savannas, and shrublands"
"AA0708","Trans Fly savanna and grasslands","Australasia","Tropical and subtropical grasslands, savannas, and shrublands"
"AA0702","Brigalow tropical savanna","Australasia","Tropical and subtropical grasslands, savannas, and shrublands"
"AT0701","Angolan Miombo woodlands","Afrotropics","Tropical and subtropical grasslands, savannas, and shrublands"
"NA0701","Western Gulf Coastal grasslands","Nearctic","Tropical and subtropical grasslands, savannas, and shrublands"
"AT0707","Guinean forest-savanna mosaic","Afrotropics","Tropical and subtropical grasslands, savannas, and shrublands"
"AT0706","Eastern Miombo woodlands","Afrotropics","Tropical and subtropical grasslands, savannas, and shrublands"
"OC0701","Hawaii tropical high shrublands","Oceania","Tropical and subtropical grasslands, savannas, and shrublands"
"AT0705","East Sudanian savanna","Afrotropics","Tropical and subtropical grasslands, savannas, and shrublands"
"AT0709","Kalahari Acacia-Baikiaea woodlands","Afrotropics","Tropical and subtropical grasslands, savannas, and shrublands"
"AT0710","Mandara Plateau mosaic","Afrotropics","Tropical and subtropical grasslands, savannas, and shrublands"
"OC0702","Hawaii tropical low shrublands","Oceania","Tropical and subtropical grasslands, savannas, and shrublands"
"AA0701","Arnhem Land tropical savanna","Australasia","Tropical and subtropical grasslands, savannas, and shrublands"
"AA0707","Mitchell grass downs","Australasia","Tropical and subtropical grasslands, savannas, and shrublands"
"AT0711","Northern Acacia-Commiphora bushlands and thickets","Afrotropics","Tropical and subtropical grasslands, savannas, and shrublands"
"AT0703","Ascension scrub and grasslands","Afrotropics","Tropical and subtropical grasslands, savannas, and shrublands"
"AT0715","Somali Acacia-Commiphora bushlands and thickets","Afrotropics","Tropical and subtropical grasslands, savannas, and shrublands"
"AT0714","Serengeti volcanic grasslands","Afrotropics","Tropical and subtropical grasslands, savannas, and shrublands"
"NT0702","Beni savanna","Neotropical","Tropical and subtropical grasslands, savannas, and shrublands"
"AT0718","Southern Congolian forest-savanna mosaic","Afrotropics","Tropical and subtropical grasslands, savannas, and shrublands"
"IM0701","Terai-Duar savanna and grasslands","Indo-Malay","Tropical and subtropical grasslands, savannas, and shrublands"
"AT0720","St. Helena scrub and woodlands","Afrotropics","Tropical and subtropical grasslands, savannas, and shrublands"
"AA0703","Cape York Peninsula tropical savanna","Australasia","Tropical and subtropical grasslands, savannas, and shrublands"
"NT0708","Humid Chaco","Neotropical","Tropical and subtropical grasslands, savannas, and shrublands"
"AA0705","Einasleigh upland savanna","Australasia","Tropical and subtropical grasslands, savannas, and shrublands"
"NT0710","Uruguayan savanna","Neotropical","Tropical and subtropical grasslands, savannas, and shrublands"
"AT0722","West Sudanian savanna","Afrotropics","Tropical and subtropical grasslands, savannas, and shrublands"
"AT0723","Western Congolian forest-savanna mosaic","Afrotropics","Tropical and subtropical grasslands, savannas, and shrublands"
"AT0724","Western Zambezian grasslands","Afrotropics","Tropical and subtropical grasslands, savannas, and shrublands"
"AT0713","Sahelian Acacia savanna","Afrotropics","Tropical and subtropical grasslands, savannas, and shrublands"
"AT0712","Northern Congolian forest-savanna mosaic","Afrotropics","Tropical and subtropical grasslands, savannas, and shrublands"
"AA0709","Victoria Plains tropical savanna","Australasia","Tropical and subtropical grasslands, savannas, and shrublands"
"AT0716","Southern Acacia-Commiphora bushlands and thickets","Afrotropics","Tropical and subtropical grasslands, savannas, and shrublands"
"AT0719","Southern Miombo woodlands","Afrotropics","Tropical and subtropical grasslands, savannas, and shrublands"
"NT0705","Clipperton Island shrub and grasslands","Neotropical","Tropical and subtropical grasslands, savannas, and shrublands"
"NT0707","Guianan savanna","Neotropical","Tropical and subtropical grasslands, savannas, and shrublands"
"NT0704","Cerrado","Neotropical","Tropical and subtropical grasslands, savannas, and shrublands"
"AA0704","Carpentaria tropical savanna","Australasia","Tropical and subtropical grasslands, savannas, and shrublands"
"NT0709","Llanos","Neotropical","Tropical and subtropical grasslands, savannas, and shrublands"
"AT0721","Victoria Basin forest-savanna mosaic","Afrotropics","Tropical and subtropical grasslands, savannas, and shrublands"
"AA0706","Kimberly tropical savanna","Australasia","Tropical and subtropical grasslands, savannas, and shrublands"
"AT0725","Zambezian and Mopane woodlands","Afrotropics","Tropical and subtropical grasslands, savannas, and shrublands"
"NT0703","Campos Rupestres montane savanna","Neotropical","Tropical and subtropical grasslands, savannas, and shrublands"
"AT0717","Southern Africa bushveld","Afrotropics","Tropical and subtropical grasslands, savannas, and shrublands"
"AT0726","Zambezian Baikiaea woodlands","Afrotropics","Tropical and subtropical grasslands, savannas, and shrublands"
"NA0808","Montana Valley and Foothill grasslands","Nearctic","Temperate Grasslands, Savannas, and Shrublands"
"NA0809","Nebraska Sand Hills mixed grasslands","Nearctic","Temperate Grasslands, Savannas, and Shrublands"
"PA0803","Central Anatolian steppe","Palaearctic","Temperate Grasslands, Savannas, and Shrublands"
"NA0804","Central forest-grasslands transition","Nearctic","Temperate Grasslands, Savannas, and Shrublands"
"NA0805","Central tall grasslands","Nearctic","Temperate Grasslands, Savannas, and Shrublands"
"AA0803","Southeast Australia temperate savanna","Australasia","Temperate Grasslands, Savannas, and Shrublands"
"PA0801","Alai-Western Tian Shan steppe","Palaearctic","Temperate Grasslands, Savannas, and Shrublands"
"PA0802","Altai steppe and semi-desert","Palaearctic","Temperate Grasslands, Savannas, and Shrublands"
"NT0801","Espinal","Neotropical","Temperate Grasslands, Savannas, and Shrublands"
"PA0812","Middle East steppe","Palaearctic","Temperate Grasslands, Savannas, and Shrublands"
"PA0804","Daurian forest steppe","Palaearctic","Temperate Grasslands, Savannas, and Shrublands"
"NA0802","Canadian Aspen forests and parklands","Nearctic","Temperate Grasslands, Savannas, and Shrublands"
"NA0803","Central and Southern mixed grasslands","Nearctic","Temperate Grasslands, Savannas, and Shrublands"
"NT0802","Low Monte","Neotropical","Temperate Grasslands, Savannas, and Shrublands"
"PA0808","Gissaro-Alai open woodlands","Palaearctic","Temperate Grasslands, Savannas, and Shrublands"
"NA0807","Flint Hills tall grasslands","Nearctic","Temperate Grasslands, Savannas, and Shrublands"
"NA0806","Edwards Plateau savanna","Nearctic","Temperate Grasslands, Savannas, and Shrublands"
"PA0811","Kazakh upland","Palaearctic","Temperate Grasslands, Savannas, and Shrublands"
"PA0814","Pontic steppe","Palaearctic","Temperate Grasslands, Savannas, and Shrublands"
"NT0803","Humid Pampas","Neotropical","Temperate Grasslands, Savannas, and Shrublands"
"AA0802","Eastern Australia mulga shrublands","Australasia","Temperate Grasslands, Savannas, and Shrublands"
"PA0813","Mongolian-Manchurian grassland","Palaearctic","Temperate Grasslands, Savannas, and Shrublands"
"PA0807","Faroe Islands boreal grasslands","Palaearctic","Temperate Grasslands, Savannas, and Shrublands"
"AA0801","Cantebury-Otago tussock grasslands","Australasia","Temperate Grasslands, Savannas, and Shrublands"
"NA0801","California Central Valley grasslands","Nearctic","Temperate Grasslands, Savannas, and Shrublands"
"PA0806","Emin Valley steppe","Palaearctic","Temperate Grasslands, Savannas, and Shrublands"
"PA0810","Kazakh steppe","Palaearctic","Temperate Grasslands, Savannas, and Shrublands"
"NA0813","Palouse grasslands","Nearctic","Temperate Grasslands, Savannas, and Shrublands"
"AT0803","Tristan Da Cunha-Gough Islands shrub and grasslands","Afrotropics","Temperate Grasslands, Savannas, and Shrublands"
"PA0809","Kazakh forest steppe","Palaearctic","Temperate Grasslands, Savannas, and Shrublands"
"PA0805","Eastern Anatolian montane steppe","Palaearctic","Temperate Grasslands, Savannas, and Shrublands"
"PA0817","South Siberian forest steppe","Palaearctic","Temperate Grasslands, Savannas, and Shrublands"
"NA0810","Northern mixed grasslands","Nearctic","Temperate Grasslands, Savannas, and Shrublands"
"NT0805","Patagonian steppe","Neotropical","Temperate Grasslands, Savannas, and Shrublands"
"NA0811","Northern short grasslands","Nearctic","Temperate Grasslands, Savannas, and Shrublands"
"PA0816","Selenge-Orkhon forest steppe","Palaearctic","Temperate Grasslands, Savannas, and Shrublands"
"NA0814","Texas blackland prairies","Nearctic","Temperate Grasslands, Savannas, and Shrublands"
"NA0815","Western short grasslands","Nearctic","Temperate Grasslands, Savannas, and Shrublands"
"AT0802","Amsterdam and Saint-Paul Islands temperate grasslands","Afrotropics","Temperate Grasslands, Savannas, and Shrublands"
"PA0818","Tian Shan foothill arid steppe","Palaearctic","Temperate Grasslands, Savannas, and Shrublands"
"NA0812","Northern tall grasslands","Nearctic","Temperate Grasslands, Savannas, and Shrublands"
"PA0815","Sayan Intermontane steppe","Palaearctic","Temperate Grasslands, Savannas, and Shrublands"
"AT0801","Al Hajar montane woodlands","Afrotropics","Temperate Grasslands, Savannas, and Shrublands"
"NT0906","Orinoco wetlands","Neotropical","Flooded Grasslands and Savannas"
"NT0909","Southern Cone Mesopotamian savanna","Neotropical","Flooded Grasslands and Savannas"
"PA0906","Tigris-Euphrates alluvial salt marsh","Palaearctic","Flooded Grasslands and Savannas"
"AT0906","Zambezian coastal flooded savanna","Afrotropics","Flooded Grasslands and Savannas"
"NT0905","Guayaquil flooded grasslands","Neotropical","Flooded Grasslands and Savannas"
"PA0908","Yellow Sea saline meadow","Palaearctic","Flooded Grasslands and Savannas"
"NT0908","Paranß flooded savanna","Neotropical","Flooded Grasslands and Savannas"
"PA0905","Saharan halophytics","Palaearctic","Flooded Grasslands and Savannas"
"AT0905","Saharan flooded grasslands","Afrotropics","Flooded Grasslands and Savannas"
"PA0907","Suiphun-Khanka meadows and forest meadows","Palaearctic","Flooded Grasslands and Savannas"
"IM0901","Rann of Kutch seasonal salt marsh","Indo-Malay","Flooded Grasslands and Savannas"
"AT0904","Lake Chad flooded savanna","Afrotropics","Flooded Grasslands and Savannas"
"PA0904","Nile Delta flooded savanna","Palaearctic","Flooded Grasslands and Savannas"
"AT0907","Zambezian flooded grasslands","Afrotropics","Flooded Grasslands and Savannas"
"AT0908","Zambezian halophytics","Afrotropics","Flooded Grasslands and Savannas"
"AT0903","Inner Niger Delta flooded savanna","Afrotropics","Flooded Grasslands and Savannas"
"PA0903","Nenjiang River grassland","Palaearctic","Flooded Grasslands and Savannas"
"NT0904","Everglades","Neotropical","Flooded Grasslands and Savannas"
"NT0907","Pantanal","Neotropical","Flooded Grasslands and Savannas"
"PA0902","Bohai Sea saline meadow","Palaearctic","Flooded Grasslands and Savannas"
"AT0902","Etosha Pan halophytics","Afrotropics","Flooded Grasslands and Savannas"
"NT0903","Enriquillo wetlands","Neotropical","Flooded Grasslands and Savannas"
"AT0901","East African halophytics","Afrotropics","Flooded Grasslands and Savannas"
"NT0902","Cuban wetlands","Neotropical","Flooded Grasslands and Savannas"
"PA0901","Amur meadow steppe","Palaearctic","Flooded Grasslands and Savannas"
"NT1002","Central Andean puna","Neotropical","Montane Grasslands and Shrublands"
"NT1004","Cordillera Central pßramo","Neotropical","Montane Grasslands and Shrublands"
"NT1003","Central Andean wet puna","Neotropical","Montane Grasslands and Shrublands"
"AT1005","East African montane moorlands","Afrotropics","Montane Grasslands and Shrublands"
"PA1012","Northwestern Himalayan alpine shrub and meadows","Palaearctic","Montane Grasslands and Shrublands"
"NT1001","Central Andean dry puna","Neotropical","Montane Grasslands and Shrublands"
"NT1005","Cordillera de Merida pßramo","Neotropical","Montane Grasslands and Shrublands"
"PA1019","Tian Shan montane steppe and meadows","Palaearctic","Montane Grasslands and Shrublands"
"AT1006","Eastern Zimbabwe montane forest-grassland mosaic","Afrotropics","Montane Grasslands and Shrublands"
"AT1004","Drakensberg montane grasslands, woodlands and forests","Afrotropics","Montane Grasslands and Shrublands"
"AA1001","Australian Alps montane grasslands","Australasia","Montane Grasslands and Shrublands"
"AA1003","South Island montane grasslands","Australasia","Montane Grasslands and Shrublands"
"PA1021","Western Himalayan alpine shrub and meadows","Palaearctic","Montane Grasslands and Shrublands"
"AT1001","Angolan montane forest-grassland mosaic","Afrotropics","Montane Grasslands and Shrublands"
"PA1022","Yarlung Tsangpo arid steppe","Palaearctic","Montane Grasslands and Shrublands"
"PA1011","North Tibetan Plateau-Kunlun Mountains alpine desert","Palaearctic","Montane Grasslands and Shrublands"
"NT1006","Northern Andean pßramo","Neotropical","Montane Grasslands and Shrublands"
"AT1008","Ethiopian montane moorlands","Afrotropics","Montane Grasslands and Shrublands"
"AT1002","Angolan Scarp savanna and woodlands","Afrotropics","Montane Grasslands and Shrublands"
"NT1008","Southern Andean steppe","Neotropical","Montane Grasslands and Shrublands"
"AA1002","Central Range sub-alpine grasslands","Australasia","Montane Grasslands and Shrublands"
"IM1001","Kinabalu montane alpine meadows","Indo-Malay","Montane Grasslands and Shrublands"
"AT1010","Jos Plateau forest-grassland mosaic","Afrotropics","Montane Grasslands and Shrublands"
"PA1009","Kuh Rud and Eastern Iran montane woodlands","Palaearctic","Montane Grasslands and Shrublands"
"NT1007","Santa Marta pßramo","Neotropical","Montane Grasslands and Shrublands"
"PA1005","Hindu Kush alpine meadow","Palaearctic","Montane Grasslands and Shrublands"
"PA1002","Central Tibetan Plateau alpine steppe","Palaearctic","Montane Grasslands and Shrublands"
"PA1020","Tibetan Plateau alpine shrub and meadows","Palaearctic","Montane Grasslands and Shrublands"
"PA1007","Khangai Mountains alpine meadow","Palaearctic","Montane Grasslands and Shrublands"
"PA1010","Mediterranean High Atlas juniper steppe","Palaearctic","Montane Grasslands and Shrublands"
"AT1007","Ethiopian montane grasslands and woodlands","Afrotropics","Montane Grasslands and Shrublands"
"PA1003","Eastern Himalayan alpine shrub and meadows","Palaearctic","Montane Grasslands and Shrublands"
"PA1001","Altai alpine meadow and tundra","Palaearctic","Montane Grasslands and Shrublands"
"PA1004","Ghorat-Hazarajat alpine meadow","Palaearctic","Montane Grasslands and Shrublands"
"AT1003","Drakensberg alti-montane grasslands and woodlands","Afrotropics","Montane Grasslands and Shrublands"
"AT1009","Highveld grasslands","Afrotropics","Montane Grasslands and Shrublands"
"PA1006","Karakoram-West Tibetan Plateau alpine steppe","Palaearctic","Montane Grasslands and Shrublands"
"PA1017","Southeast Tibet shrub and meadows","Palaearctic","Montane Grasslands and Shrublands"
"PA1008","Kopet Dag woodlands and forest steppe","Palaearctic","Montane Grasslands and Shrublands"
"PA1015","Qilian Mountains subalpine meadows","Palaearctic","Montane Grasslands and Shrublands"
"AT1013","Rwenzori-Virunga montane moorlands","Afrotropics","Montane Grasslands and Shrublands"
"PA1013","Ordos Plateau steppe","Palaearctic","Montane Grasslands and Shrublands"
"AT1011","Madagascar ericoid thickets","Afrotropics","Montane Grasslands and Shrublands"
"PA1014","Pamir alpine desert and tundra","Palaearctic","Montane Grasslands and Shrublands"
"AT1012","Maputaland-Pondoland bushland and thickets","Afrotropics","Montane Grasslands and Shrublands"
"AT1015","Southern Rift montane forest-grassland mosaic","Afrotropics","Montane Grasslands and Shrublands"
"PA1016","Sayan Alpine meadows and tundra","Palaearctic","Montane Grasslands and Shrublands"
"PA1018","Sulaiman Range alpine meadows","Palaearctic","Montane Grasslands and Shrublands"
"AT1014","South Malawi montane forest-grassland mosaic","Afrotropics","Montane Grasslands and Shrublands"
"AN1101","Marielandia Antarctic tundra","Antarctia","Tundra"
"NA1118","Torngat Mountain tundra","Nearctic","Tundra"
"NA1116","Ogilvie-MacKenzie alpine tundra","Nearctic","Tundra"
"NA1104","Arctic foothills tundra","Nearctic","Tundra"
"AN1103","Scotia Sea Islands tundra","Antarctia","Tundra"
"AN1104","Southern Indian Ocean Islands tundra","Antarctia","Tundra"
"NA1105","Baffin coastal tundra","Nearctic","Tundra"
"NA1103","Arctic coastal tundra","Nearctic","Tundra"
"NA1102","Aleutian Islands tundra","Nearctic","Tundra"
"AN1102","Maudlandia Antarctic desert","Antarctia","Tundra"
"NA1113","Kalaallit Nunaat low arctic tundra","Nearctic","Tundra"
"NA1114","Low Arctic tundra","Nearctic","Tundra"
"NA1117","Pacific Coastal Mountain icefields and tundra","Nearctic","Tundra"
"PA1101","Arctic desert","Palaearctic","Tundra"
"PA1113","Wrangel Island arctic desert","Palaearctic","Tundra"
"NA1112","Kalaallit Nunaat high arctic tundra","Nearctic","Tundra"
"PA1110","Scandinavian Montane Birch forest and grasslands","Palaearctic","Tundra"
"PA1114","Yamal-Gydan tundra","Palaearctic","Tundra"
"NA1101","Alaska-St. Elias Range tundra","Nearctic","Tundra"
"PA1108","Northwest Russian-Novaya Zemlya tundra","Palaearctic","Tundra"
"NA1108","Brooks-British Range tundra","Nearctic","Tundra"
"NA1115","Middle Arctic tundra","Nearctic","Tundra"
"NA1106","Beringia lowland tundra","Nearctic","Tundra"
"PA1112","Trans-Baikal Bald Mountain tundra","Palaearctic","Tundra"
"AA1101","Antipodes Subantarctic Islands tundra","Australasia","Tundra"
"NA1109","Davis Highlands tundra","Nearctic","Tundra"
"NA1111","Interior Yukon-Alaska alpine tundra","Nearctic","Tundra"
"NA1110","High Arctic tundra","Nearctic","Tundra"
"PA1107","Northeast Siberian coastal tundra","Palaearctic","Tundra"
"PA1109","Novosibirsk Islands arctic desert","Palaearctic","Tundra"
"PA1111","Taimyr-Central Siberian tundra","Palaearctic","Tundra"
"PA1106","Kola Peninsula tundra","Palaearctic","Tundra"
"PA1104","Chukchi Peninsula tundra","Palaearctic","Tundra"
"PA1102","Bering tundra","Palaearctic","Tundra"
"NA1107","Beringia upland tundra","Nearctic","Tundra"
"PA1105","Kamchatka Mountain tundra and forest tundra","Palaearctic","Tundra"
"PA1103","Cherskii-Kolyma mountain tundra","Palaearctic","Tundra"
"NA1203","California montane chaparral and woodlands","Nearctic","Mediterranean Forests, Woodlands, and Scrub"
"AT1203","Montane fynbos and renosterveld","Afrotropics","Mediterranean Forests, Woodlands, and Scrub"
"PA1219","Southeastern Iberian shrubs and woodlands","Palaearctic","Mediterranean Forests, Woodlands, and Scrub"
"PA1207","Eastern Mediterranean conifer-sclerophyllous-broadleaf forests","Palaearctic","Mediterranean Forests, Woodlands, and Scrub"
"AA1209","Southwest Australia savanna","Australasia","Mediterranean Forests, Woodlands, and Scrub"
"NA1202","California interior chaparral and woodlands","Nearctic","Mediterranean Forests, Woodlands, and Scrub"
"PA1217","Pindus Mountains mixed forests","Palaearctic","Mediterranean Forests, Woodlands, and Scrub"
"PA1218","South Appenine mixed montane forests","Palaearctic","Mediterranean Forests, Woodlands, and Scrub"
"AA1208","Naracoorte woodlands","Australasia","Mediterranean Forests, Woodlands, and Scrub"
"AA1210","Southwest Australia woodlands","Australasia","Mediterranean Forests, Woodlands, and Scrub"
"PA1204","Corsican montane broadleaf and mixed forests","Palaearctic","Mediterranean Forests, Woodlands, and Scrub"
"NA1201","California coastal sage and chaparral","Nearctic","Mediterranean Forests, Woodlands, and Scrub"
"PA1202","Anatolian conifer and deciduous mixed forests","Palaearctic","Mediterranean Forests, Woodlands, and Scrub"
"AA1204","Jarrah-Karri forest and shrublands","Australasia","Mediterranean Forests, Woodlands, and Scrub"
"AA1205","Swan Coastal Plain Scrub and Woodlands","Australasia","Mediterranean Forests, Woodlands, and Scrub"
"PA1206","Cyprus Mediterranean forests","Palaearctic","Mediterranean Forests, Woodlands, and Scrub"
"AA1207","Murray-Darling woodlands and mallee","Australasia","Mediterranean Forests, Woodlands, and Scrub"
"PA1214","Mediterranean woodlands and forests","Palaearctic","Mediterranean Forests, Woodlands, and Scrub"
"PA1216","Northwest Iberian montane forests","Palaearctic","Mediterranean Forests, Woodlands, and Scrub"
"AT1202","Lowland fynbos and renosterveld","Afrotropics","Mediterranean Forests, Woodlands, and Scrub"
"PA1201","Aegean and Western Turkey sclerophyllous and mixed forests","Palaearctic","Mediterranean Forests, Woodlands, and Scrub"
"NT1201","Chilean matorral","Neotropical","Mediterranean Forests, Woodlands, and Scrub"
"AA1201","Coolgardie woodlands","Australasia","Mediterranean Forests, Woodlands, and Scrub"
"PA1203","Canary Islands dry woodlands and forests","Palaearctic","Mediterranean Forests, Woodlands, and Scrub"
"PA1220","Southern Anatolian montane conifer and deciduous forests","Palaearctic","Mediterranean Forests, Woodlands, and Scrub"
"PA1212","Mediterranean acacia-argania dry woodlands and succulent thickets","Palaearctic","Mediterranean Forests, Woodlands, and Scrub"
"PA1213","Mediterranean dry woodlands and steppe","Palaearctic","Mediterranean Forests, Woodlands, and Scrub"
"AA1203","Eyre and York mallee","Australasia","Mediterranean Forests, Woodlands, and Scrub"
"AA1206","Mount Lofty woodlands","Australasia","Mediterranean Forests, Woodlands, and Scrub"
"PA1221","Southwest Iberian Mediterranean sclerophyllous and mixed forests","Palaearctic","Mediterranean Forests, Woodlands, and Scrub"
"PA1205","Crete Mediterranean forests","Palaearctic","Mediterranean Forests, Woodlands, and Scrub"
"PA1215","Northeastern Spain and Southern France Mediterranean forests","Palaearctic","Mediterranean Forests, Woodlands, and Scrub"
"PA1208","Iberian conifer forests","Palaearctic","Mediterranean Forests, Woodlands, and Scrub"
"PA1211","Italian sclerophyllous and semi-deciduous forests","Palaearctic","Mediterranean Forests, Woodlands, and Scrub"
"PA1210","Illyrian deciduous forests","Palaearctic","Mediterranean Forests, Woodlands, and Scrub"
"AT1201","Albany thickets","Afrotropics","Mediterranean Forests, Woodlands, and Scrub"
"AA1202","Esperance mallee","Australasia","Mediterranean Forests, Woodlands, and Scrub"
"PA1209","Iberian sclerophyllous and semi-deciduous forests","Palaearctic","Mediterranean Forests, Woodlands, and Scrub"
"PA1222","Tyrrhenian-Adriatic sclerophyllous and mixed forests","Palaearctic","Mediterranean Forests, Woodlands, and Scrub"
"AT1314","Nama Karoo","Afrotropics","Deserts and Xeric Shrublands"
"NT1304","Caatinga","Neotropical","Deserts and Xeric Shrublands"
"AT1313","Masai xeric grasslands and shrublands","Afrotropics","Deserts and Xeric Shrublands"
"PA1322","Paropamisus xeric woodlands","Palaearctic","Deserts and Xeric Shrublands"
"IM1302","Indus Valley desert","Indo-Malay","Deserts and Xeric Shrublands"
"AT1312","Madagascar succulent woodlands","Afrotropics","Deserts and Xeric Shrublands"
"AT1301","Aldabra Island xeric scrub","Afrotropics","Deserts and Xeric Shrublands"
"PA1321","North Saharan steppe and woodlands","Palaearctic","Deserts and Xeric Shrublands"
"AT1304","Eritrean coastal desert","Afrotropics","Deserts and Xeric Shrublands"
"NT1306","Cuban cactus scrub","Neotropical","Deserts and Xeric Shrublands"
"AT1311","Madagascar spiny thickets","Afrotropics","Deserts and Xeric Shrublands"
"NT1303","Atacama desert","Neotropical","Deserts and Xeric Shrublands"
"NA1310","Sonoran desert","Nearctic","Deserts and Xeric Shrublands"
"AT1310","Kaokoveld desert","Afrotropics","Deserts and Xeric Shrublands"
"NT1305","Caribbean shrublands","Neotropical","Deserts and Xeric Shrublands"
"IM1304","Thar desert","Indo-Malay","Deserts and Xeric Shrublands"
"AT1303","East Saharan montane xeric woodlands","Afrotropics","Deserts and Xeric Shrublands"
"PA1307","Baluchistan xeric woodlands","Palaearctic","Deserts and Xeric Shrublands"
"AT1309","Kalahari xeric savanna","Afrotropics","Deserts and Xeric Shrublands"
"NT1301","Araya and Paria xeric scrub","Neotropical","Deserts and Xeric Shrublands"
"PA1325","Red Sea Nubo-Sindian tropical desert and semi-desert","Palaearctic","Deserts and Xeric Shrublands"
"PA1320","Mesopotamian shrub desert","Palaearctic","Deserts and Xeric Shrublands"
"PA1306","Badghyz and Karabil semi-desert","Palaearctic","Deserts and Xeric Shrublands"
"IM1303","Northwestern thorn scrub forests","Indo-Malay","Deserts and Xeric Shrublands"
"AT1316","Namibian savanna woodlands","Afrotropics","Deserts and Xeric Shrublands"
"PA1326","Registan-North Pakistan sandy desert","Palaearctic","Deserts and Xeric Shrublands"
"AT1305","Ethiopian xeric grasslands and shrublands","Afrotropics","Deserts and Xeric Shrublands"
"AT1315","Namib desert","Afrotropics","Deserts and Xeric Shrublands"
"AT1321","Southwestern Arabian montane woodlands","Afrotropics","Deserts and Xeric Shrublands"
"AT1322","Succulent Karoo","Afrotropics","Deserts and Xeric Shrublands"
"NA1307","Meseta Central matorral","Nearctic","Deserts and Xeric Shrublands"
"NA1308","Mojave desert","Nearctic","Deserts and Xeric Shrublands"
"NA1309","Snake-Columbia shrub steppe","Nearctic","Deserts and Xeric Shrublands"
"PA1333","Red Sea coastal desert","Palaearctic","Deserts and Xeric Shrublands"
"AA1309","Tirari-Sturt stony desert","Australasia","Deserts and Xeric Shrublands"
"PA1305","Azerbaijan shrub desert and steppe","Palaearctic","Deserts and Xeric Shrublands"
"PA1323","Persian Gulf desert and semi-desert","Palaearctic","Deserts and Xeric Shrublands"
"AT1302","Arabian Peninsula coastal fog desert","Afrotropics","Deserts and Xeric Shrublands"
"NA1301","Baja California desert","Nearctic","Deserts and Xeric Shrublands"
"NA1302","Central Mexican matorral","Nearctic","Deserts and Xeric Shrublands"
"PA1327","Sahara desert","Palaearctic","Deserts and Xeric Shrublands"
"AT1306","Gulf of Oman desert and semi-desert","Afrotropics","Deserts and Xeric Shrublands"
"AT1307","Hobyo grasslands and shrublands","Afrotropics","Deserts and Xeric Shrublands"
"AA1307","Pilbara shrublands","Australasia","Deserts and Xeric Shrublands"
"NT1315","Sechura desert","Neotropical","Deserts and Xeric Shrublands"
"NT1316","Tehuacßn Valley matorral","Neotropical","Deserts and Xeric Shrublands"
"AA1310","Western Australian Mulga shrublands","Australasia","Deserts and Xeric Shrublands"
"AA1302","Central Ranges xeric scrub","Australasia","Deserts and Xeric Shrublands"
"PA1304","Atlantic coastal desert","Palaearctic","Deserts and Xeric Shrublands"
"NA1312","Tamaulipan mezquital","Nearctic","Deserts and Xeric Shrublands"
"AA1301","Carnarvon xeric shrublands","Australasia","Deserts and Xeric Shrublands"
"AA1306","Nullarbor Plains xeric shrublands","Australasia","Deserts and Xeric Shrublands"
"AT1318","Socotra Island xeric shrublands","Afrotropics","Deserts and Xeric Shrublands"
"AT1319","Somali montane xeric woodlands","Afrotropics","Deserts and Xeric Shrublands"
"AT1320","Southwestern Arabian foothills savanna","Afrotropics","Deserts and Xeric Shrublands"
"PA1319","Kopet Dag semi-desert","Palaearctic","Deserts and Xeric Shrublands"
"PA1316","Great Lakes Basin desert steppe","Palaearctic","Deserts and Xeric Shrublands"
"PA1317","Junggar Basin semi-desert","Palaearctic","Deserts and Xeric Shrublands"
"PA1318","Kazakh semi-desert","Palaearctic","Deserts and Xeric Shrublands"
"PA1308","Caspian lowland desert","Palaearctic","Deserts and Xeric Shrublands"
"PA1324","Qaidam Basin semi-desert","Palaearctic","Deserts and Xeric Shrublands"
"NT1307","Galßpagos Islands scrubland mosaic","Neotropical","Deserts and Xeric Shrublands"
"NA1311","Tamaulipan matorral","Nearctic","Deserts and Xeric Shrublands"
"NT1309","La Costa xeric shrublands","Neotropical","Deserts and Xeric Shrublands"
"PA1328","South Iran Nubo-Sindian desert and semi-desert","Palaearctic","Deserts and Xeric Shrublands"
"PA1329","South Saharan steppe and woodlands","Palaearctic","Deserts and Xeric Shrublands"
"NT1308","Guajira-Barranquilla xeric scrub","Neotropical","Deserts and Xeric Shrublands"
"PA1331","Tibesti-Jebel Uweinat montane xeric woodlands","Palaearctic","Deserts and Xeric Shrublands"
"PA1332","West Saharan montane xeric woodlands","Palaearctic","Deserts and Xeric Shrublands"
"NA1313","Wyoming Basin shrub steppe","Nearctic","Deserts and Xeric Shrublands"
"PA1330","Taklimakan desert","Palaearctic","Deserts and Xeric Shrublands"
"PA1311","Central Asian riparian woodlands","Palaearctic","Deserts and Xeric Shrublands"
"PA1312","Central Asian southern desert","Palaearctic","Deserts and Xeric Shrublands"
"AA1305","Great Victoria desert","Australasia","Deserts and Xeric Shrublands"
"PA1310","Central Asian northern desert","Palaearctic","Deserts and Xeric Shrublands"
"NT1313","Paraguana xeric scrub","Neotropical","Deserts and Xeric Shrublands"
"NT1314","San Lucan xeric scrub","Neotropical","Deserts and Xeric Shrublands"
"AA1308","Simpson desert","Australasia","Deserts and Xeric Shrublands"
"NT1312","Motagua Valley thornscrub","Neotropical","Deserts and Xeric Shrublands"
"PA1315","Gobi Lakes Valley desert steppe","Palaearctic","Deserts and Xeric Shrublands"
"IM1301","Deccan thorn scrub forests","Indo-Malay","Deserts and Xeric Shrublands"
"NA1306","Gulf of California xeric scrub","Nearctic","Deserts and Xeric Shrublands"
"PA1309","Central Afghan Mountains xeric woodlands","Palaearctic","Deserts and Xeric Shrublands"
"AA1303","Gibson desert","Australasia","Deserts and Xeric Shrublands"
"NA1304","Colorado Plateau shrublands","Nearctic","Deserts and Xeric Shrublands"
"PA1301","Afghan Mountains semi-desert","Palaearctic","Deserts and Xeric Shrublands"
"PA1313","Central Persian desert basins","Palaearctic","Deserts and Xeric Shrublands"
"NA1305","Great Basin shrub steppe","Nearctic","Deserts and Xeric Shrublands"
"NA1303","Chihuahuan desert","Nearctic","Deserts and Xeric Shrublands"
"NT1311","Malpelo Island xeric scrub","Neotropical","Deserts and Xeric Shrublands"
"PA1303","Arabian Desert and East Sahero-Arabian xeric shrublands","Palaearctic","Deserts and Xeric Shrublands"
"AA1304","Great Sandy-Tanami desert","Australasia","Deserts and Xeric Shrublands"
"PA1302","Alashan Plateau semi-desert","Palaearctic","Deserts and Xeric Shrublands"
"PA1314","Eastern Gobi desert steppe","Palaearctic","Deserts and Xeric Shrublands"
